<?xml version="1.0" encoding="UTF-8" ?>
<!DOCTYPE mapper
  PUBLIC "-//mybatis.org//DTD Mapper 3.0//EN"
  "http://mybatis.org/dtd/mybatis-3-mapper.dtd">
<mapper namespace="yourstay.md.mapper.MemberMapper">
	<!-- 로그인 -->
	<select id="getUser" resultType="yourstay.md.domain.MemberVO">
		select * from member where memail=#{memail}
	</select>
	<select id="getUsers" resultType="yourstay.md.domain.MemberVO">
		select * from member
	</select>
	<insert id="insertUser"
		parameterType="yourstay.md.domain.MemberVO">
		insert into member values(member_seq.nextval, #{mname}, #{memail}, #{mpwd},
		#{mcallnum}, 0)
	</insert>
	<delete id="deleteUser">
		delete from member where memail=#{memail}
	</delete>
	<select id="loginUser" parameterType="hashmap"
		resultType="yourstay.md.domain.MemberVO">
		select * from member where memail=#{memail} and mpwd=#{mpwd}
	</select>
	<update id="updateUser" parameterType="yourstay.md.domain.MemberVO">
		update member set mpwd=#{mpwd}, mcallnum=#{mcallnum} where mseq=#{mseq}
	</update>
</mapper>
<!-- resultType : 결과반환 Object / return 값이라고 생각하면 될 듯? parameterType : 조회결과 
	Object -->